{
  "run_dir": "/home/coder/SPAR/0506/gepa-diffSB/run_20260508_051437",
  "n_candidates": 11,
  "seed_score": 0.22666666666666668,
  "final_best_score": 0.22666666666666668,
  "best_candidate_idx": 0,
  "improvement": 0.0,
  "improvement_pct": 0.0
}